{
  "project_info": {
    "project_number": "179307023127",
    "project_id": "fasttrack-fb478",
    "storage_bucket": "fasttrack-fb478.firebasestorage.app"
  },
  "client": [
    {
      "client_info": {
        "mobilesdk_app_id": "1:179307023127:android:cd4b72eb2bfc2db4fc8552",
        "android_client_info": {
          "package_name": "com.mycompany.fasttrack"
        }
      },
      "oauth_client": [],
      "api_key": [
        {
          "current_key": "AIzaSyA0QhtR4jc5nBy9E5UhbGgfSOYFP2xlzPI"
        }
      ],
      "services": {
        "appinvite_service": {
          "other_platform_oauth_client": []
        }
      }
    }
  ],
  "configuration_version": "1"
}